{"cameraMode":{"drawMode":0,"name":"Shaded","section":"Shading Mode"},"sceneLighting":true,"audioPlay":false,"sceneViewState":{"m_AlwaysRefresh":false,"showFog":true,"showSkybox":true,"showFlares":true,"showImageEffects":true,"showParticleSystems":true,"showVisualEffectGraphs":true,"m_FxEnabled":true},"in2DMode":false,"pivot":{"x":6.886332988739014,"y":8.219758033752442,"z":6.389897346496582},"rotation":{"x":0.013704417273402214,"y":0.9857511520385742,"z":-0.13389073312282563,"w":0.10089678317308426},"size":4.306737422943115,"orthographic":true}