{"cameraMode":{"drawMode":0,"name":"Shaded","section":"Shading Mode"},"sceneLighting":true,"audioPlay":false,"sceneViewState":{"m_AlwaysRefresh":false,"showFog":true,"showSkybox":true,"showFlares":true,"showImageEffects":true,"showParticleSystems":true,"showVisualEffectGraphs":true,"m_FxEnabled":true},"in2DMode":false,"pivot":{"x":5.449999809265137,"y":7.519999980926514,"z":2.700000047683716},"rotation":{"x":0.00029212154913693666,"y":0.9960545301437378,"z":-0.08869244158267975,"w":0.0032882189843803646},"size":8.329895973205567,"orthographic":false}